Threads,Run,Time (s)
2,1,1.977881776
2,2,1.965035461
2,3,2.002994299
2,4,1.970027860
2,5,1.966048389
4,1,.995410676
4,2,1.013235265
4,3,.994816210
4,4,1.013737178
4,5,1.006891882
8,1,.584469742
8,2,.591244882
8,3,.584112652
8,4,.590144936
8,5,.607532946
16,1,.459124762
16,2,.451172260
16,3,.456437338
16,4,.458579296
16,5,.455533808
32,1,.484685218
32,2,.479389228
32,3,.489541851
32,4,.482376137
32,5,.479982010
