Threads,Run,Time (s)
2,1,2.024597804
2,2,1.987917790
2,3,1.996468034
2,4,1.990734619
2,5,1.984598297
4,1,1.013949694
4,2,1.026460209
4,3,1.032997364
4,4,1.015371681
4,5,1.012886167
8,1,.618115263
8,2,.627506412
8,3,.621101728
8,4,.619059655
8,5,.601470653
16,1,.482628131
16,2,.472789660
16,3,.476056370
16,4,.480383597
16,5,.479875073
32,1,1.081472302
32,2,1.133492360
32,3,1.122231121
32,4,1.123842446
32,5,1.133998293
