Threads,Run,Time (s)
2,1,2.080684629
2,2,2.075216587
2,3,2.088686231
2,4,2.088228755
2,5,2.091443940
4,1,1.060097178
4,2,1.063200481
4,3,1.058144153
4,4,1.053612612
4,5,1.055236194
8,1,.627419783
8,2,.645812402
8,3,.659981333
8,4,.629008354
8,5,.656237670
16,1,.482261003
16,2,.482547577
16,3,.487935169
16,4,.488054815
16,5,.484682147
32,1,1.109975003
32,2,1.106049347
32,3,1.103354523
32,4,1.083341759
32,5,1.087199791
