Threads,Run,Time (s)
2,1,1.973925245
2,2,2.006206584
2,3,2.001426559
2,4,2.014398262
2,5,2.012925845
4,1,1.011199985
4,2,1.023128314
4,3,1.004691361
4,4,1.008802343
4,5,1.006918052
8,1,.595952405
8,2,.608030531
8,3,.613643525
8,4,.638973179
8,5,.619869743
16,1,.547930355
16,2,.551489735
16,3,.556309389
16,4,.552406014
16,5,.553182216
32,1,.548475291
32,2,.549116487
32,3,.547340329
32,4,.546083415
32,5,.575226148
